date,year,month,deaths_cum,deaths_children_cum,injured_cum,injured_children_cum,settler_attacks_cum,verified_killed,verified_injured
2023-10-07,2023,10,3,0,23,1,3,6.0,197.0
2023-10-08,2023,10,13,1,194,1,9,8.0,127.0
2023-10-09,2023,10,15,3,295,34,19,4.0,88.0
2023-10-10,2023,10,19,3,332,39,29,5.0,72.0
2023-10-11,2023,10,26,3,427,62,39,6.0,85.0
2023-10-12,2023,10,33,5,500,81,49,7.0,49.0
2023-10-13,2023,10,43,8,700,92,63,17.0,613.0
2023-10-14,2023,10,54,13,1150,106,67,3.0,13.0
2023-10-15,2023,10,61,15,1173,113,70,2.0,18.0
2023-10-16,2023,10,61,15,1176,113,70,2.0,23.0
2023-10-17,2023,10,61,16,1230,117,82,3.0,54.0
2023-10-18,2023,10,64,18,1264,122,86,4.0,150.0
2023-10-19,2023,10,79,20,1404,129,100,15.0,160.0
2023-10-20,2023,10,88,26,1404,134,102,2.0,88.0
2023-10-21,2023,10,88,27,1658,150,103,2.0,57.0
2023-10-22,2023,10,91,27,1704,157,113,8.0,75.0
2023-10-23,2023,10,95,28,1708,157,120,2.0,12.0
2023-10-24,2023,10,95,28,1803,160,136,1.0,9.0
2023-10-25,2023,10,102,31,1859,160,138,6.0,87.0
2023-10-26,2023,10,103,32,1916,168,146,2.0,31.0
2023-10-27,2023,10,108,33,1970,174,146,4.0,91.0
2023-10-28,2023,10,109,33,2011,180,154,1.0,31.0
2023-10-29,2023,10,115,33,2150,193,167,5.0,74.0
2023-10-30,2023,10,121,33,2158,201,171,7.0,70.0
2023-10-31,2023,10,123,34,2159,201,178,3.0,25.0
2023-11-01,2023,11,128,35,2214,234,186,4.0,29.0
2023-11-02,2023,11,132,41,2221,236,186,9.0,43.0
2023-11-03,2023,11,135,42,2309,239,195,7.0,24.0
2023-11-04,2023,11,136,43,2362,241,198,1.0,14.0
2023-11-05,2023,11,141,43,2386,244,202,5.0,21.0
2023-11-06,2023,11,147,44,2404,248,208,7.0,24.0
2023-11-07,2023,11,150,44,2439,251,218,2.0,24.0
2023-11-08,2023,11,150,44,2461,253,222,1.0,122.0
2023-11-09,2023,11,167,45,2558,253,230,18.0,94.0
2023-11-10,2023,11,168,46,2618,253,233,1.0,6.0
2023-11-11,2023,11,169,46,2630,262,235,2.0,22.0
2023-11-12,2023,11,172,46,2630,267,241,1.0,9.0
2023-11-13,2023,11,173,46,2630,275,241,8.0,27.0
2023-11-14,2023,11,182,46,2654,278,244,2.0,8.0
2023-11-15,2023,11,183,47,2659,279,246,0.0,4.0
2023-11-16,2023,11,186,51,2665,282,248,6.0,28.0
2023-11-17,2023,11,191,51,2688,287,251,2.0,14.0
2023-11-18,2023,11,198,52,2782,347,253,6.0,90.0
2023-11-19,2023,11,200,52,2807,355,254,2.0,25.0
2023-11-20,2023,11,201,52,2815,355,256,2.0,8.0
2023-11-21,2023,11,201,52,2818,355,271,7.0,16.0
2023-11-22,2023,11,209,52,2836,364,277,3.0,38.0
2023-11-23,2023,11,211,54,2874,364,281,2.0,13.0
2023-11-24,2023,11,213,55,2885,364,281,2.0,39.0
2023-11-25,2023,11,215,55,2885,364,281,7.0,46.0
2023-11-26,2023,11,222,58,2995,369,284,1.0,126.0
2023-11-27,2023,11,231,59,3184,496,287,0.0,5.0
2023-11-28,2023,11,232,61,3192,500,287,7.0,36.0
2023-11-29,2023,11,238,63,3224,508,295,0.0,13.0
2023-11-30,2023,11,241,63,3283,509,299,2.0,52.0
2023-12-01,2023,12,241,63,3327,509,302,0.0,44.0
2023-12-02,2023,12,243,65,3368,516,305,3.0,49.0
2023-12-03,2023,12,244,65,3379,520,308,1.0,3.0
2023-12-04,2023,12,246,65,3415,520,314,5.0,37.0
2023-12-05,2023,12,249,65,3427,528,318,1.0,30.0
2023-12-06,2023,12,253,66,3443,530,318,5.0,27.0
2023-12-07,2023,12,256,67,3470,533,320,1.0,35.0
2023-12-08,2023,12,263,68,3489,535,330,6.0,36.0
2023-12-09,2023,12,265,69,3533,535,331,3.0,29.0
2023-12-10,2023,12,265,69,3533,535,331,0.0,9.0
2023-12-11,2023,12,265,69,3574,535,331,0.0,5.0
2023-12-12,2023,12,271,69,3584,541,336,11.0,106.0
2023-12-13,2023,12,271,69,3591,541,343,0.0,5.0
2023-12-14,2023,12,276,70,3605,549,343,0.0,17.0
2023-12-15,2023,12,278,70,3710,552,344,1.0,9.0
2023-12-16,2023,12,278,70,3710,552,344,8.0,10.0
2023-12-17,2023,12,290,73,3710,552,344,1.0,8.0
2023-12-18,2023,12,291,75,3740,561,347,4.0,11.0
2023-12-19,2023,12,291,75,3765,562,351,0.0,20.0
2023-12-20,2023,12,291,75,3771,562,353,2.0,20.0
2023-12-21,2023,12,293,76,3907,575,353,0.0,53.0
2023-12-22,2023,12,293,76,3907,575,353,0.0,8.0
2023-12-23,2023,12,293,76,3907,575,355,0.0,1.0
2023-12-24,2023,12,293,76,3907,575,358,0.0,4.0
2023-12-25,2023,12,293,76,3907,575,361,0.0,11.0
2023-12-26,2023,12,295,77,3909,576,367,2.0,4.0
2023-12-27,2023,12,300,79,3909,576,367,7.0,16.0
2023-12-28,2023,12,304,79,3915,580,370,4.0,33.0
2023-12-29,2023,12,307,79,3925,582,370,2.0,29.0
2023-12-30,2023,12,307,79,3925,582,370,1.0,3.0
2023-12-31,2023,12,307,79,3925,582,370,0.0,27.0
2024-01-01,2024,1,307,79,3925,582,370,0.0,0.0
2024-01-02,2024,1,313,80,4052,593,372,4.0,12.0
2024-01-03,2024,1,313,80,4052,593,376,0.0,30.0
2024-01-04,2024,1,314,80,4052,593,381,1.0,5.0
2024-01-05,2024,1,315,81,4052,604,381,1.0,6.0
2024-01-06,2024,1,322,82,4052,604,381,7.0,10.0
2024-01-07,2024,1,326,84,4052,606,381,4.0,16.0
2024-01-08,2024,1,329,84,4068,614,386,3.0,16.0
2024-01-09,2024,1,330,84,4097,622,391,1.0,19.0
2024-01-10,2024,1,331,84,4148,627,396,1.0,56.0
2024-01-11,2024,1,332,84,4157,630,404,1.0,2.0
2024-01-12,2024,1,333,84,4176,631,413,4.0,3.0
2024-01-13,2024,1,333,84,4176,631,413,0.0,19.0
2024-01-14,2024,1,339,88,4197,635,413,5.0,7.0
2024-01-15,2024,1,344,88,4212,637,421,3.0,19.0
2024-01-16,2024,1,344,88,4215,642,430,0.0,16.0
2024-01-17,2024,1,355,90,4234,643,431,13.0,58.0
2024-01-18,2024,1,357,90,4252,645,433,0.0,13.0
2024-01-19,2024,1,358,91,4310,647,439,1.0,9.0
2024-01-20,2024,1,358,91,4310,647,439,0.0,5.0
2024-01-21,2024,1,358,91,4313,647,441,0.0,6.0
2024-01-22,2024,1,358,91,4334,654,444,1.0,15.0
2024-01-23,2024,1,360,92,4348,656,452,1.0,5.0
2024-01-24,2024,1,360,92,4353,657,456,0.0,4.0
2024-01-25,2024,1,361,92,4354,657,457,1.0,3.0
2024-01-26,2024,1,361,92,4358,657,460,1.0,3.0
2024-01-27,2024,1,361,92,4358,657,460,0.0,0.0
2024-01-28,2024,1,362,92,4366,657,464,0.0,5.0
2024-01-29,2024,1,367,94,4382,660,472,5.0,9.0
2024-01-30,2024,1,370,94,4386,660,477,3.0,1.0
2024-01-31,2024,1,370,94,4387,660,494,0.0,1.0
2024-02-01,2024,2,372,94,4391,661,494,0.0,7.0
2024-02-02,2024,2,372,94,4391,661,495,0.0,2.0
2024-02-03,2024,2,372,94,4391,661,495,0.0,12.0
2024-02-04,2024,2,372,94,4408,669,498,0.0,5.0
2024-02-05,2024,2,373,95,4415,670,506,1.0,2.0
2024-02-06,2024,2,374,96,4417,670,507,1.0,1.0
2024-02-07,2024,2,377,96,4426,670,512,3.0,12.0
2024-02-08,2024,2,383,96,4433,671,514,2.0,19.0
2024-02-09,2024,2,384,97,4443,672,516,1.0,6.0
2024-02-10,2024,2,385,98,4443,672,516,1.0,10.0
2024-02-11,2024,2,385,98,4444,673,516,1.0,1.0
2024-02-12,2024,2,385,98,4444,673,516,1.0,7.0
2024-02-13,2024,2,388,99,4475,686,527,1.0,3.0
2024-02-14,2024,2,388,99,4475,686,532,1.0,20.0
2024-02-15,2024,2,389,100,4499,697,537,0.0,6.0
2024-02-16,2024,2,389,100,4503,698,552,0.0,4.0
2024-02-17,2024,2,389,100,4503,698,552,0.0,2.0
2024-02-18,2024,2,392,100,4503,698,552,3.0,6.0
2024-02-19,2024,2,393,100,4511,699,558,0.0,5.0
2024-02-20,2024,2,393,100,4522,702,561,1.0,2.0
2024-02-21,2024,2,394,100,4528,702,573,1.0,1.0
2024-02-22,2024,2,397,101,4530,702,577,4.0,42.0
2024-02-23,2024,2,399,102,4545,702,583,0.0,10.0
2024-02-24,2024,2,399,102,4545,702,583,0.0,3.0
2024-02-25,2024,2,399,102,4545,702,583,0.0,13.0
2024-02-26,2024,2,400,102,4575,707,586,3.0,4.0
2024-02-27,2024,2,403,102,4590,708,590,2.0,1.0
2024-02-28,2024,2,404,102,4592,708,595,0.0,8.0
2024-02-29,2024,2,406,103,4606,709,601,5.0,9.0
2024-03-01,2024,3,409,103,4611,709,603,0.0,1.0
2024-03-02,2024,3,411,105,4612,710,603,2.0,4.0
2024-03-03,2024,3,411,105,4612,710,603,0.0,1.0
2024-03-04,2024,3,412,106,4623,710,607,2.0,22.0
2024-03-05,2024,3,413,107,4645,712,615,2.0,6.0
2024-03-06,2024,3,415,107,4648,712,622,1.0,8.0
2024-03-07,2024,3,416,107,4658,718,623,0.0,5.0
2024-03-08,2024,3,417,107,4665,718,624,1.0,5.0
2024-03-09,2024,3,417,107,4665,718,624,0.0,3.0
2024-03-10,2024,3,417,107,4665,718,624,0.0,1.0
2024-03-11,2024,3,417,107,4665,718,626,2.0,6.0
2024-03-12,2024,3,417,107,4665,718,626,3.0,7.0
2024-03-13,2024,3,418,107,4680,722,639,3.0,4.0
2024-03-14,2024,3,418,107,4690,724,645,0.0,0.0
2024-03-15,2024,3,418,107,4690,724,646,1.0,1.0
2024-03-16,2024,3,419,107,4690,724,650,1.0,0.0
2024-03-17,2024,3,419,107,4690,724,650,0.0,1.0
2024-03-18,2024,3,419,107,4690,724,650,0.0,0.0
2024-03-19,2024,3,420,107,4690,724,658,2.0,0.0
2024-03-20,2024,3,422,107,4690,724,660,7.0,6.0
2024-03-21,2024,3,431,107,4690,725,660,4.0,7.0
2024-03-22,2024,3,434,107,4700,725,660,2.0,5.0
2024-03-23,2024,3,434,107,4700,725,660,0.0,0.0
2024-03-24,2024,3,434,107,4700,725,683,0.0,5.0
2024-03-25,2024,3,434,107,4700,725,683,0.0,9.0
2024-03-26,2024,3,434,107,4700,725,683,0.0,3.0
2024-03-27,2024,3,442,107,4700,725,683,4.0,9.0
2024-03-28,2024,3,442,107,4700,725,683,0.0,11.0
2024-03-29,2024,3,442,107,4700,725,683,0.0,0.0
2024-03-30,2024,3,443,108,4700,725,683,1.0,9.0
2024-03-31,2024,3,444,108,4700,725,683,0.0,1.0
2024-04-01,2024,4,444,110,4760,739,704,0.0,2.0
2024-04-02,2024,4,444,110,4760,739,704,1.0,5.0
2024-04-03,2024,4,444,110,4760,739,704,0.0,1.0
2024-04-04,2024,4,444,110,4760,739,704,1.0,5.0
2024-04-05,2024,4,444,110,4760,739,704,1.0,6.0
2024-04-06,2024,4,444,110,4760,739,704,0.0,18.0
2024-04-07,2024,4,444,110,4760,739,704,0.0,3.0
2024-04-08,2024,4,444,110,4760,739,704,1.0,2.0
2024-04-09,2024,4,444,110,4760,739,704,0.0,1.0
2024-04-10,2024,4,444,110,4760,739,704,0.0,7.0
2024-04-11,2024,4,444,110,4760,739,704,0.0,0.0
2024-04-12,2024,4,444,110,4800,743,727,3.0,36.0
2024-04-13,2024,4,446,111,4845,743,744,1.0,25.0
2024-04-14,2024,4,446,111,4845,743,744,0.0,10.0
2024-04-15,2024,4,447,112,4845,743,744,3.0,15.0
2024-04-16,2024,4,447,112,4845,743,744,0.0,2.0
2024-04-17,2024,4,455,112,4890,743,774,0.0,2.0
2024-04-18,2024,4,455,112,4890,743,774,14.0,50.0
2024-04-19,2024,4,455,112,4890,743,774,0.0,6.0
2024-04-20,2024,4,469,115,4890,743,774,1.0,3.0
2024-04-21,2024,4,469,115,4890,743,774,3.0,6.0
2024-04-22,2024,4,469,115,4890,743,774,0.0,6.0
2024-04-23,2024,4,469,115,4890,743,774,1.0,5.0
2024-04-24,2024,4,469,115,4890,743,774,1.0,0.0
2024-04-25,2024,4,470,116,4974,743,794,1.0,1.0
2024-04-26,2024,4,470,116,4974,743,794,0.0,0.0
2024-04-27,2024,4,472,116,4974,743,794,2.0,2.0
2024-04-28,2024,4,472,116,4974,743,794,0.0,1.0
2024-04-29,2024,4,472,116,4974,743,794,0.0,5.0
2024-04-30,2024,4,472,116,4974,743,794,0.0,2.0
2024-05-01,2024,5,474,116,5000,743,800,4.0,1.0
2024-05-02,2024,5,474,116,5000,743,800,0.0,3.0
2024-05-03,2024,5,474,116,5000,743,800,0.0,2.0
2024-05-04,2024,5,479,116,5000,743,800,0.0,8.0
2024-05-05,2024,5,479,116,5000,743,800,0.0,5.0
2024-05-06,2024,5,479,116,5000,750,800,1.0,
2024-05-07,2024,5,480,116,5000,772,800,0.0,0.0
2024-05-08,2024,5,480,116,5000,772,829,0.0,0.0
2024-05-09,2024,5,480,116,5000,772,829,0.0,4.0
2024-05-10,2024,5,480,116,5000,772,829,0.0,0.0
2024-05-11,2024,5,480,116,5000,772,829,0.0,0.0
2024-05-12,2024,5,480,116,5000,772,829,1.0,8.0
2024-05-13,2024,5,480,116,5000,772,829,0.0,14.0
2024-05-14,2024,5,480,116,5000,772,829,0.0,3.0
2024-05-15,2024,5,480,116,5040,773,848,4.0,3.0
2024-05-16,2024,5,480,116,5040,773,848,1.0,9.0
2024-05-17,2024,5,480,116,5040,773,848,3.0,16.0
2024-05-18,2024,5,480,116,5040,773,848,0.0,3.0
2024-05-19,2024,5,480,116,5040,773,848,1.0,1.0
2024-05-20,2024,5,489,117,5100,790,896,0.0,3.0
2024-05-21,2024,5,489,117,5100,790,896,12.0,23.0
2024-05-22,2024,5,497,119,5100,790,896,0.0,0.0
2024-05-23,2024,5,497,119,5100,790,896,0.0,3.0
2024-05-24,2024,5,497,119,5100,790,896,0.0,2.0
2024-05-25,2024,5,497,119,5100,790,896,0.0,6.0
2024-05-26,2024,5,497,119,5100,790,896,1.0,5.0
2024-05-27,2024,5,502,122,5135,797,916,0.0,5.0
2024-05-28,2024,5,502,122,5135,797,916,0.0,7.0
2024-05-29,2024,5,502,122,5135,797,916,0.0,2.0
2024-05-30,2024,5,502,122,5135,797,916,1.0,14.0
2024-05-31,2024,5,502,122,5135,797,916,0.0,1.0
2024-06-01,2024,6,502,122,5135,797,916,0.0,6.0
2024-06-02,2024,6,502,122,5135,797,916,2.0,2.0
2024-06-03,2024,6,508,124,5150,800,943,3.0,9.0
2024-06-04,2024,6,508,124,5150,800,943,0.0,3.0
2024-06-05,2024,6,508,124,5150,800,943,0.0,7.0
2024-06-06,2024,6,508,124,5150,800,943,4.0,25.0
2024-06-07,2024,6,508,124,5150,800,943,,
2024-06-08,2024,6,508,124,5150,800,943,1.0,14.0
2024-06-09,2024,6,508,124,5150,800,943,0.0,9.0
2024-06-10,2024,6,521,126,5200,800,968,6.0,15.0
2024-06-11,2024,6,527,126,5200,800,968,6.0,12.0
2024-06-12,2024,6,527,126,5200,800,968,0.0,3.0
2024-06-13,2024,6,527,126,5200,800,968,3.0,4.0
2024-06-14,2024,6,527,126,5200,800,968,0.0,16.0
2024-06-15,2024,6,527,126,5200,800,968,1.0,6.0
2024-06-16,2024,6,527,126,5200,800,968,0.0,3.0
2024-06-17,2024,6,527,126,5200,800,968,0.0,16.0
2024-06-18,2024,6,536,128,5218,802,979,1.0,11.0
2024-06-19,2024,6,536,128,5218,802,979,0.0,18.0
2024-06-20,2024,6,536,128,5218,802,979,1.0,1.0
2024-06-21,2024,6,536,128,5218,802,979,2.0,4.0
2024-06-22,2024,6,536,128,5218,802,979,1.0,14.0
2024-06-23,2024,6,536,128,5218,802,979,0.0,15.0
2024-06-24,2024,6,536,130,5370,830,1018,0.0,6.0
2024-06-25,2024,6,536,130,5370,830,1018,0.0,3.0
2024-06-26,2024,6,536,130,5370,830,1018,0.0,6.0
2024-06-27,2024,6,536,130,5370,830,1018,0.0,4.0
2024-06-28,2024,6,536,130,5370,830,1018,0.0,2.0
2024-06-29,2024,6,536,130,5370,830,1018,0.0,5.0
2024-06-30,2024,6,536,130,5370,830,1018,1.0,7.0
2024-07-01,2024,7,539,131,5420,830,1050,2.0,16.0
2024-07-02,2024,7,539,131,5420,830,1050,4.0,11.0
2024-07-03,2024,7,539,131,5420,830,1050,1.0,24.0
2024-07-04,2024,7,539,131,5420,830,1050,0.0,7.0
2024-07-05,2024,7,539,131,5420,830,1050,7.0,21.0
2024-07-06,2024,7,539,131,5420,830,1050,2.0,14.0
2024-07-07,2024,7,539,131,5420,830,1050,1.0,2.0
2024-07-08,2024,7,553,131,5500,850,1084,0.0,12.0
2024-07-09,2024,7,554,132,5500,850,1084,1.0,9.0
2024-07-10,2024,7,554,132,5500,850,1084,0.0,6.0
2024-07-11,2024,7,554,132,5500,850,1084,1.0,11.0
2024-07-12,2024,7,554,132,5500,850,1084,1.0,0.0
2024-07-13,2024,7,554,132,5500,850,1084,0.0,5.0
2024-07-14,2024,7,554,132,5500,850,1084,1.0,4.0
2024-07-15,2024,7,554,132,5537,863,1122,0.0,1.0
2024-07-16,2024,7,555,132,5537,863,1122,1.0,3.0
2024-07-17,2024,7,555,132,5537,863,1122,0.0,3.0
2024-07-18,2024,7,555,132,5537,863,1122,0.0,1.0
2024-07-19,2024,7,555,132,5537,863,1122,2.0,2.0
2024-07-20,2024,7,555,132,5537,863,1122,0.0,3.0
2024-07-21,2024,7,555,132,5537,863,1122,0.0,1.0
2024-07-22,2024,7,563,132,5554,863,1143,5.0,9.0
2024-07-23,2024,7,563,132,5554,863,1143,4.0,10.0
2024-07-24,2024,7,563,132,5554,863,1143,2.0,2.0
2024-07-25,2024,7,563,132,5554,863,1143,0.0,2.0
2024-07-26,2024,7,563,132,5554,863,1143,0.0,23.0
2024-07-27,2024,7,563,132,5554,863,1143,2.0,45.0
2024-07-28,2024,7,563,132,5554,863,1143,0.0,1.0
2024-07-29,2024,7,569,132,5632,885,1164,0.0,3.0
2024-07-30,2024,7,570,133,5632,885,1164,2.0,3.0
2024-07-31,2024,7,570,133,5632,885,1164,0.0,12.0
2024-08-01,2024,8,570,133,5632,885,1164,0.0,13.0
2024-08-02,2024,8,570,133,5632,885,1164,1.0,16.0
2024-08-03,2024,8,570,133,5632,885,1164,9.0,13.0
2024-08-04,2024,8,570,133,5632,885,1164,1.0,10.0
2024-08-05,2024,8,587,135,5688,891,1191,9.0,19.0
2024-08-06,2024,8,587,135,5688,891,1191,4.0,10.0
2024-08-07,2024,8,600,135,5688,891,1191,1.0,11.0
2024-08-08,2024,8,600,135,5688,891,1191,0.0,4.0
2024-08-09,2024,8,600,135,5688,891,1191,0.0,14.0
2024-08-10,2024,8,600,135,5688,891,1191,0.0,10.0
2024-08-11,2024,8,600,135,5688,891,1191,2.0,8.0
2024-08-12,2024,8,600,135,5742,902,1250,1.0,6.0
2024-08-13,2024,8,600,135,5742,902,1250,2.0,13.0
2024-08-14,2024,8,600,135,5742,902,1250,5.0,12.0
2024-08-15,2024,8,600,135,5742,902,1250,3.0,19.0
2024-08-16,2024,8,600,135,5742,902,1250,0.0,8.0
2024-08-17,2024,8,600,135,5742,902,1250,2.0,3.0
2024-08-18,2024,8,600,135,5742,902,1250,0.0,3.0
2024-08-19,2024,8,607,137,5803,912,1270,1.0,8.0
2024-08-20,2024,8,607,137,5803,912,1270,1.0,7.0
2024-08-21,2024,8,607,137,5803,912,1270,1.0,5.0
2024-08-22,2024,8,607,137,5803,912,1270,3.0,2.0
2024-08-23,2024,8,607,137,5803,912,1270,0.0,7.0
2024-08-24,2024,8,607,137,5803,912,1270,0.0,10.0
2024-08-25,2024,8,607,137,5803,921,1270,4.0,11.0
2024-08-26,2024,8,622,141,5850,921,1301,7.0,6.0
2024-08-27,2024,8,622,141,5850,921,1301,0.0,1.0
2024-08-28,2024,8,622,141,5850,921,1301,16.0,70.0
2024-08-29,2024,8,622,141,5850,921,1301,3.0,3.0
2024-08-30,2024,8,622,141,5850,921,1301,5.0,2.0
2024-08-31,2024,8,622,141,5850,921,1301,0.0,13.0
2024-09-01,2024,9,622,141,5850,921,1301,4.0,8.0
2024-09-02,2024,9,652,148,5929,932,1317,2.0,14.0
2024-09-03,2024,9,652,148,5929,932,1317,3.0,9.0
2024-09-04,2024,9,652,148,5929,932,1317,0.0,4.0
2024-09-05,2024,9,652,148,5929,932,1317,6.0,22.0
2024-09-06,2024,9,652,148,5929,932,1317,1.0,5.0
2024-09-07,2024,9,652,148,5929,932,1317,0.0,12.0
2024-09-08,2024,9,652,148,5929,932,1317,0.0,6.0
2024-09-09,2024,9,674,151,5988,941,1360,0.0,5.0
2024-09-10,2024,9,674,151,5988,941,1360,2.0,8.0
2024-09-11,2024,9,674,151,5988,941,1360,8.0,4.0
2024-09-12,2024,9,674,151,5988,941,1360,1.0,13.0
2024-09-13,2024,9,674,151,5988,941,1360,0.0,17.0
2024-09-14,2024,9,674,151,5988,941,1360,0.0,3.0
2024-09-15,2024,9,674,151,5988,941,1360,0.0,3.0
2024-09-16,2024,9,685,152,6038,947,1383,2.0,15.0
2024-09-17,2024,9,685,152,6038,947,1383,1.0,1.0
2024-09-18,2024,9,685,152,6038,947,1383,2.0,15.0
2024-09-19,2024,9,685,152,6038,947,1383,7.0,12.0
2024-09-20,2024,9,685,152,6038,947,1383,1.0,47.0
2024-09-21,2024,9,685,152,6038,947,1383,0.0,2.0
2024-09-22,2024,9,685,152,6038,947,1383,0.0,6.0
2024-09-23,2024,9,696,154,6128,969,1408,0.0,7.0
2024-09-24,2024,9,696,154,6128,969,1408,1.0,15.0
2024-09-25,2024,9,696,154,6128,969,1408,1.0,3.0
2024-09-26,2024,9,696,154,6128,969,1408,1.0,49.0
2024-09-27,2024,9,696,154,6128,969,1408,0.0,19.0
2024-09-28,2024,9,696,154,6128,969,1408,0.0,8.0
2024-09-29,2024,9,696,154,6128,969,1408,0.0,16.0
2024-09-30,2024,9,699,154,6237,1027,1423,0.0,0.0
2024-10-01,2024,10,699,154,6237,1027,1423,2.0,25.0
2024-10-02,2024,10,699,154,6237,1027,1423,0.0,1.0
2024-10-03,2024,10,699,154,6237,1027,1423,19.0,7.0
2024-10-04,2024,10,699,154,6237,1027,1423,0.0,22.0
2024-10-05,2024,10,699,154,6237,1027,1423,1.0,22.0
2024-10-06,2024,10,699,154,6237,1027,1423,0.0,6.0
2024-10-07,2024,10,719,158,6367,1043,1454,1.0,42.0
2024-10-08,2024,10,719,158,6367,1043,1454,0.0,3.0
2024-10-09,2024,10,719,158,6367,1043,1454,5.0,2.0
2024-10-10,2024,10,719,158,6367,1043,1454,2.0,0.0
2024-10-11,2024,10,719,158,6367,1043,1454,0.0,66.0
2024-10-12,2024,10,719,158,6367,1043,1454,0.0,14.0
2024-10-13,2024,10,719,158,6367,1043,1454,0.0,10.0
2024-10-14,2024,10,728,159,6471,1052,1486,2.0,9.0
2024-10-15,2024,10,728,159,6471,1052,1486,0.0,1.0
2024-10-16,2024,10,728,159,6471,1052,1486,0.0,0.0
2024-10-17,2024,10,728,159,6471,1052,1486,0.0,0.0
2024-10-18,2024,10,728,159,6471,1052,1486,0.0,0.0
2024-10-19,2024,10,728,159,6471,1052,1486,0.0,0.0
2024-10-20,2024,10,728,159,6471,1052,1486,0.0,0.0
2024-10-21,2024,10,731,159,6530,1079,1527,0.0,0.0
2024-10-22,2024,10,731,159,6530,1079,1527,0.0,0.0
2024-10-23,2024,10,731,159,6530,1079,1527,0.0,0.0
2024-10-24,2024,10,731,159,6530,1079,1527,0.0,0.0
2024-10-25,2024,10,731,159,6530,1079,1527,0.0,1.0
2024-10-26,2024,10,731,159,6530,1079,1527,0.0,0.0
2024-10-27,2024,10,731,159,6530,1079,1527,0.0,0.0
2024-10-28,2024,10,735,160,6565,1089,1597,0.0,17.0
2024-10-29,2024,10,735,160,6565,1089,1597,0.0,0.0
2024-10-30,2024,10,735,160,6565,1089,1597,0.0,1.0
2024-10-31,2024,10,735,160,6565,1089,1597,0.0,0.0
2024-11-01,2024,11,735,160,6565,1089,1597,0.0,
2024-11-02,2024,11,735,160,6565,1089,1597,0.0,
2024-11-03,2024,11,735,160,6565,1089,1597,1.0,
2024-11-04,2024,11,740,161,6587,1093,1632,0.0,
2024-11-05,2024,11,740,161,6587,1093,1632,0.0,
2024-11-06,2024,11,740,161,6587,1093,1632,1.0,
2024-11-07,2024,11,740,161,6587,1093,1632,0.0,
2024-11-08,2024,11,740,161,6587,1093,1632,0.0,
2024-11-09,2024,11,740,161,6587,1093,1632,0.0,
2024-11-10,2024,11,740,161,6587,1093,1632,0.0,
2024-11-11,2024,11,751,161,6598,1109,1655,0.0,
2024-11-12,2024,11,751,161,6598,1109,1655,0.0,
2024-11-13,2024,11,751,161,6598,1109,1655,2.0,
2024-11-14,2024,11,751,161,6598,1109,1655,,
2024-11-15,2024,11,751,161,6598,1109,1655,,
2024-11-16,2024,11,751,161,6598,1109,1655,,
2024-11-17,2024,11,751,161,6598,1109,1655,,
2024-11-18,2024,11,755,162,6641,1134,1680,,
2024-11-19,2024,11,755,162,6641,1134,1680,,
2024-11-20,2024,11,755,162,6641,1134,1680,,
2024-11-21,2024,11,755,162,6641,1134,1680,,
2024-11-22,2024,11,755,162,6641,1134,1680,,
2024-11-23,2024,11,755,162,6641,1134,1680,,
2024-11-24,2024,11,755,162,6641,1134,1680,,
2024-11-25,2024,11,764,163,6678,1146,1695,,
2024-11-26,2024,11,764,163,6678,1146,1695,,
2024-11-27,2024,11,764,163,6678,1146,1695,,
2024-11-28,2024,11,764,163,6678,1146,1695,,
2024-11-29,2024,11,764,163,6678,1146,1695,,
2024-11-30,2024,11,764,163,6678,1146,1695,,
2024-12-01,2024,12,764,163,6678,1146,1695,,
2024-12-02,2024,12,769,163,6705,1153,1716,,
2024-12-03,2024,12,769,163,6705,1153,1716,,
2024-12-04,2024,12,769,163,6705,1153,1716,,
2024-12-05,2024,12,769,163,6705,1153,1716,,
2024-12-06,2024,12,769,163,6705,1153,1716,,
2024-12-07,2024,12,769,163,6705,1153,1716,,
2024-12-08,2024,12,769,163,6705,1153,1716,,
2024-12-09,2024,12,777,164,6744,1167,1736,,
2024-12-10,2024,12,777,164,6744,1167,1736,,
2024-12-11,2024,12,777,164,6744,1167,1736,,
2024-12-12,2024,12,777,164,6744,1167,1736,,
2024-12-13,2024,12,777,164,6744,1167,1736,,
2024-12-14,2024,12,777,164,6744,1167,1736,,
2024-12-15,2024,12,777,164,6744,1167,1736,,
2024-12-16,2024,12,781,164,6775,1178,1768,,
2024-12-17,2024,12,781,164,6775,1178,1768,,
2024-12-18,2024,12,781,164,6775,1178,1768,,
2024-12-19,2024,12,781,164,6775,1178,1768,,
2024-12-20,2024,12,781,164,6775,1178,1768,,
2024-12-21,2024,12,781,164,6775,1178,1768,,
2024-12-22,2024,12,781,164,6775,1178,1768,,
2024-12-23,2024,12,791,165,6811,1188,1778,,
2024-12-24,2024,12,791,165,6811,1188,1778,,
2024-12-25,2024,12,791,165,6811,1188,1778,,
2024-12-26,2024,12,791,165,6811,1188,1778,,
2024-12-27,2024,12,791,165,6811,1188,1778,,
2024-12-28,2024,12,791,165,6811,1188,1778,,
2024-12-29,2024,12,791,165,6811,1188,1778,,
2024-12-30,2024,12,802,167,6860,1188,1797,,
2024-12-31,2024,12,802,167,6860,1188,1797,,
2025-01-01,2025,1,802,167,6860,1188,1797,,
2025-01-02,2025,1,802,167,6860,1188,1797,,
2025-01-03,2025,1,802,167,6860,1188,1797,,
2025-01-04,2025,1,802,167,6860,1188,1797,,
2025-01-05,2025,1,802,167,6860,1188,1797,,
2025-01-06,2025,1,805,168,6898,1194,1811,,
2025-01-07,2025,1,805,168,6898,1194,1811,,
2025-01-08,2025,1,805,168,6898,1194,1811,,
2025-01-09,2025,1,805,168,6898,1194,1811,,
2025-01-10,2025,1,805,168,6898,1194,1811,,
2025-01-11,2025,1,805,168,6898,1194,1811,,
2025-01-12,2025,1,805,168,6898,1194,1811,,
2025-01-13,2025,1,811,171,6936,1202,1833,,
2025-01-14,2025,1,811,171,6936,1202,1833,,
2025-01-15,2025,1,811,171,6936,1202,1833,,
2025-01-16,2025,1,811,171,6936,1202,1833,,
2025-01-17,2025,1,811,171,6936,1202,1833,,
2025-01-18,2025,1,811,171,6936,1202,1833,,
2025-01-19,2025,1,811,171,6936,1202,1833,,
2025-01-20,2025,1,824,173,7035,1228,1870,,
2025-01-21,2025,1,824,173,7035,1228,1870,,
2025-01-22,2025,1,824,173,7035,1228,1870,,
2025-01-23,2025,1,824,173,7035,1228,1870,,
2025-01-24,2025,1,824,173,7035,1228,1870,,
2025-01-25,2025,1,824,173,7035,1228,1870,,
2025-01-26,2025,1,824,173,7035,1228,1870,,
2025-01-27,2025,1,844,175,7116,1239,1887,,
2025-01-28,2025,1,844,175,7116,1239,1887,,
2025-01-29,2025,1,844,175,7116,1239,1887,,
2025-01-30,2025,1,844,175,7116,1239,1887,,
2025-01-31,2025,1,844,175,7116,1239,1887,,
2025-02-01,2025,2,844,175,7116,1239,1887,,
2025-02-02,2025,2,844,175,7116,1239,1887,,
2025-02-03,2025,2,867,177,7266,1271,1904,,
2025-02-04,2025,2,867,177,7266,1271,1904,,
2025-02-05,2025,2,867,177,7266,1271,1904,,
2025-02-06,2025,2,867,177,7266,1271,1904,,
2025-02-07,2025,2,867,177,7266,1271,1904,,
2025-02-08,2025,2,867,177,7266,1271,1904,,
2025-02-09,2025,2,867,177,7266,1271,1904,,
2025-02-10,2025,2,872,178,7315,1279,1919,,
2025-02-11,2025,2,872,178,7315,1279,1919,,
2025-02-12,2025,2,872,178,7315,1279,1919,,
2025-02-13,2025,2,872,178,7315,1279,1919,,
2025-02-14,2025,2,872,178,7315,1279,1919,,
2025-02-15,2025,2,872,178,7315,1279,1919,,
2025-02-16,2025,2,872,178,7315,1279,1919,,
2025-02-17,2025,2,878,180,7333,1286,1953,,
2025-02-18,2025,2,878,180,7333,1286,1953,,
2025-02-19,2025,2,878,180,7333,1286,1953,,
2025-02-20,2025,2,878,180,7333,1286,1953,,
2025-02-21,2025,2,878,180,7333,1286,1953,,
2025-02-22,2025,2,878,180,7333,1286,1953,,
2025-02-23,2025,2,878,180,7333,1286,1953,,
2025-02-24,2025,2,883,180,7372,1294,1977,,
2025-02-25,2025,2,883,180,7372,1294,1977,,
2025-02-26,2025,2,883,180,7372,1294,1977,,
2025-02-27,2025,2,883,180,7372,1294,1977,,
2025-02-28,2025,2,883,180,7372,1294,1977,,
2025-03-01,2025,3,883,180,7372,1294,1977,,
2025-03-02,2025,3,883,180,7372,1294,1977,,
2025-03-03,2025,3,886,181,7436,1308,2001,,
2025-03-04,2025,3,886,181,7436,1308,2001,,
2025-03-05,2025,3,886,181,7436,1308,2001,,
2025-03-06,2025,3,886,181,7436,1308,2001,,
2025-03-07,2025,3,886,181,7436,1308,2001,,
2025-03-08,2025,3,886,181,7436,1308,2001,,
2025-03-09,2025,3,886,181,7436,1308,2001,,
2025-03-10,2025,3,890,181,7498,1320,2017,,
2025-03-11,2025,3,890,181,7498,1320,2017,,
2025-03-12,2025,3,890,181,7498,1320,2017,,
2025-03-13,2025,3,890,181,7498,1320,2017,,
2025-03-14,2025,3,890,181,7498,1320,2017,,
2025-03-15,2025,3,890,181,7498,1320,2017,,
2025-03-16,2025,3,890,181,7498,1320,2017,,
2025-03-17,2025,3,895,181,7580,1333,2051,,
2025-03-18,2025,3,895,181,7580,1333,2051,,
2025-03-19,2025,3,895,181,7580,1333,2051,,
2025-03-20,2025,3,895,181,7580,1333,2051,,
2025-03-21,2025,3,895,181,7580,1333,2051,,
2025-03-22,2025,3,895,181,7580,1333,2051,,
2025-03-23,2025,3,895,181,7580,1333,2051,,
2025-03-24,2025,3,897,181,7613,1337,2058,,
2025-03-25,2025,3,897,181,7613,1337,2058,,
2025-03-26,2025,3,897,181,7613,1337,2058,,
2025-03-27,2025,3,897,181,7613,1337,2058,,
2025-03-28,2025,3,897,181,7613,1337,2058,,
2025-03-29,2025,3,897,181,7613,1337,2058,,
2025-03-30,2025,3,897,181,7613,1337,2058,,
2025-03-31,2025,3,897,181,7613,1337,2058,,
2025-04-01,2025,4,897,181,7613,1337,2058,,
2025-04-02,2025,4,897,181,7613,1337,2058,,
2025-04-03,2025,4,897,181,7613,1337,2058,,
2025-04-04,2025,4,897,181,7613,1337,2058,,
2025-04-05,2025,4,897,181,7613,1337,2058,,
2025-04-06,2025,4,897,181,7613,1337,2058,,
2025-04-07,2025,4,906,183,7743,1371,2102,,
2025-04-08,2025,4,906,183,7743,1371,2102,,
2025-04-09,2025,4,906,183,7743,1371,2102,,
2025-04-10,2025,4,906,183,7743,1371,2102,,
2025-04-11,2025,4,906,183,7743,1371,2102,,
2025-04-12,2025,4,906,183,7743,1371,2102,,
2025-04-13,2025,4,906,183,7743,1371,2102,,
2025-04-14,2025,4,908,184,7853,1392,2118,,
2025-04-15,2025,4,908,184,7853,1392,2118,,
2025-04-16,2025,4,908,184,7853,1392,2118,,
2025-04-17,2025,4,908,184,7853,1392,2118,,
2025-04-18,2025,4,908,184,7853,1392,2118,,
2025-04-19,2025,4,908,184,7853,1392,2118,,
2025-04-20,2025,4,908,184,7853,1392,2118,,
2025-04-21,2025,4,914,185,7885,1404,2141,,
2025-04-22,2025,4,914,185,7885,1404,2141,,
2025-04-23,2025,4,914,185,7885,1404,2141,,
2025-04-24,2025,4,914,185,7885,1404,2141,,
2025-04-25,2025,4,914,185,7885,1404,2141,,
2025-04-26,2025,4,914,185,7885,1404,2141,,
2025-04-27,2025,4,914,185,7885,1404,2141,,
2025-04-28,2025,4,917,187,7934,1414,2155,,
2025-04-29,2025,4,917,187,7934,1414,2155,,
2025-04-30,2025,4,917,187,7934,1414,2155,,
2025-05-01,2025,5,917,187,7934,1414,2155,,
2025-05-02,2025,5,917,187,7934,1414,2155,,
2025-05-03,2025,5,917,187,7934,1414,2155,,
2025-05-04,2025,5,917,187,7934,1414,2155,,
2025-05-05,2025,5,920,187,7991,1420,2168,,
2025-05-06,2025,5,920,187,7991,1420,2168,,
2025-05-07,2025,5,920,187,7991,1420,2168,,
2025-05-08,2025,5,920,187,7991,1420,2168,,
2025-05-09,2025,5,920,187,7991,1420,2168,,
2025-05-10,2025,5,920,187,7991,1420,2168,,
2025-05-11,2025,5,920,187,7991,1420,2168,,
2025-05-12,2025,5,924,187,8095,1436,2182,,
2025-05-13,2025,5,924,187,8095,1436,2182,,
2025-05-14,2025,5,924,187,8095,1436,2182,,
2025-05-15,2025,5,924,187,8095,1436,2182,,
2025-05-16,2025,5,924,187,8095,1436,2182,,
2025-05-17,2025,5,924,187,8095,1436,2182,,
2025-05-18,2025,5,924,187,8095,1436,2182,,
2025-05-19,2025,5,932,187,8140,1436,2210,,
2025-05-20,2025,5,932,187,8140,1436,2210,,
2025-05-21,2025,5,932,187,8140,1436,2210,,
2025-05-22,2025,5,932,187,8140,1436,2210,,
2025-05-23,2025,5,932,187,8140,1436,2210,,
2025-05-24,2025,5,932,187,8140,1436,2210,,
2025-05-25,2025,5,932,187,8140,1436,2210,,
2025-05-26,2025,5,932,187,8155,1438,2235,,
2025-05-27,2025,5,932,187,8155,1438,2235,,
2025-05-28,2025,5,932,187,8155,1438,2235,,
2025-05-29,2025,5,932,187,8155,1438,2235,,
2025-05-30,2025,5,932,187,8155,1438,2235,,
2025-05-31,2025,5,932,187,8155,1438,2235,,
2025-06-01,2025,6,932,187,8155,1438,2235,,
2025-06-02,2025,6,936,188,8228,1453,2267,,
2025-06-03,2025,6,936,188,8228,1453,2267,,
2025-06-04,2025,6,936,188,8228,1453,2267,,
2025-06-05,2025,6,936,188,8228,1453,2267,,
2025-06-06,2025,6,936,188,8228,1453,2267,,
2025-06-07,2025,6,936,188,8228,1453,2267,,
2025-06-08,2025,6,936,188,8228,1453,2267,,
2025-06-09,2025,6,936,188,8228,1453,2267,,
2025-06-10,2025,6,936,188,8228,1453,2267,,
2025-06-11,2025,6,936,188,8228,1453,2267,,
2025-06-12,2025,6,936,188,8228,1453,2267,,
2025-06-13,2025,6,936,188,8228,1453,2267,,
2025-06-14,2025,6,936,188,8228,1453,2267,,
2025-06-15,2025,6,936,188,8228,1453,2267,,
2025-06-16,2025,6,941,188,8368,1478,2313,,
2025-06-17,2025,6,941,188,8368,1478,2313,,
2025-06-18,2025,6,941,188,8368,1478,2313,,
2025-06-19,2025,6,941,188,8368,1478,2313,,
2025-06-20,2025,6,941,188,8368,1478,2313,,
2025-06-21,2025,6,941,188,8368,1478,2313,,
2025-06-22,2025,6,941,188,8368,1478,2313,,
2025-06-23,2025,6,943,189,8434,1484,2336,,
2025-06-24,2025,6,943,189,8434,1484,2336,,
2025-06-25,2025,6,943,189,8434,1484,2336,,
2025-06-26,2025,6,943,189,8434,1484,2336,,
2025-06-27,2025,6,943,189,8434,1484,2336,,
2025-06-28,2025,6,943,189,8434,1484,2336,,
2025-06-29,2025,6,943,189,8434,1484,2336,,
2025-06-30,2025,6,948,190,8483,1486,2364,,
2025-07-01,2025,7,948,190,8483,1486,2364,,
2025-07-02,2025,7,948,190,8483,1486,2364,,
2025-07-03,2025,7,948,190,8483,1486,2364,,
2025-07-04,2025,7,948,190,8483,1486,2364,,
2025-07-05,2025,7,948,190,8483,1486,2364,,
2025-07-06,2025,7,948,190,8483,1486,2364,,
2025-07-07,2025,7,953,191,8570,1501,2391,,
2025-07-08,2025,7,953,191,8570,1501,2391,,
2025-07-09,2025,7,953,191,8570,1501,2391,,
2025-07-10,2025,7,953,191,8570,1501,2391,,
2025-07-11,2025,7,953,191,8570,1501,2391,,
2025-07-12,2025,7,953,191,8570,1501,2391,,
2025-07-13,2025,7,953,191,8570,1501,2391,,
2025-07-14,2025,7,960,192,8685,1511,2421,,
2025-07-15,2025,7,960,192,8685,1511,2421,,
2025-07-16,2025,7,960,192,8685,1511,2421,,
2025-07-17,2025,7,960,192,8685,1511,2421,,
2025-07-18,2025,7,960,192,8685,1511,2421,,
2025-07-19,2025,7,960,192,8685,1511,2421,,
2025-07-20,2025,7,960,192,8685,1511,2421,,
2025-07-21,2025,7,963,193,8730,1516,2448,,
2025-07-22,2025,7,963,193,8730,1516,2448,,
2025-07-23,2025,7,963,193,8730,1516,2448,,
2025-07-24,2025,7,963,193,8730,1516,2448,,
2025-07-25,2025,7,963,193,8730,1516,2448,,
2025-07-26,2025,7,963,193,8730,1516,2448,,
2025-07-27,2025,7,963,193,8730,1516,2448,,
2025-07-28,2025,7,972,198,8747,1522,2472,,
2025-07-29,2025,7,972,198,8747,1522,2472,,
2025-07-30,2025,7,972,198,8747,1522,2472,,
2025-07-31,2025,7,972,198,8747,1522,2472,,
2025-08-01,2025,8,972,198,8747,1522,2472,,
2025-08-02,2025,8,972,198,8747,1522,2472,,
2025-08-03,2025,8,972,198,8747,1522,2472,,
2025-08-04,2025,8,974,198,8804,1533,2513,,
2025-08-05,2025,8,974,198,8804,1533,2513,,
2025-08-06,2025,8,974,198,8804,1533,2513,,
2025-08-07,2025,8,974,198,8804,1533,2513,,
2025-08-08,2025,8,974,198,8804,1533,2513,,
2025-08-09,2025,8,974,198,8804,1533,2513,,
2025-08-10,2025,8,974,198,8804,1533,2513,,
2025-08-11,2025,8,975,198,8835,1539,2540,,
2025-08-12,2025,8,975,198,8835,1539,2540,,
2025-08-13,2025,8,975,198,8835,1539,2540,,
2025-08-14,2025,8,975,198,8835,1539,2540,,
2025-08-15,2025,8,975,198,8835,1539,2540,,
2025-08-16,2025,8,975,198,8835,1539,2540,,
2025-08-17,2025,8,975,198,8835,1539,2540,,
2025-08-18,2025,8,977,198,8853,1541,2569,,
2025-08-19,2025,8,977,198,8853,1541,2569,,
2025-08-20,2025,8,977,198,8853,1541,2569,,
2025-08-21,2025,8,977,198,8853,1541,2569,,
2025-08-22,2025,8,977,198,8853,1541,2569,,
2025-08-23,2025,8,977,198,8853,1541,2569,,
2025-08-24,2025,8,977,198,8853,1541,2569,,
2025-08-25,2025,8,977,198,8853,1541,2569,,
2025-08-26,2025,8,977,198,8853,1541,2569,,
2025-08-27,2025,8,977,198,8853,1541,2569,,
2025-08-28,2025,8,978,198,8878,1552,2584,,
2025-08-29,2025,8,978,198,8878,1552,2584,,
2025-08-30,2025,8,978,198,8878,1552,2584,,
2025-08-31,2025,8,978,198,8878,1552,2584,,
2025-09-01,2025,9,978,198,9088,1605,2608,,
2025-09-02,2025,9,978,198,9088,1605,2608,,
2025-09-03,2025,9,978,198,9088,1605,2608,,
2025-09-04,2025,9,978,198,9088,1605,2608,,
2025-09-05,2025,9,978,198,9088,1605,2608,,
2025-09-06,2025,9,978,198,9088,1605,2608,,
2025-09-07,2025,9,978,198,9088,1605,2608,,
2025-09-08,2025,9,984,200,9144,1617,2637,,
2025-09-09,2025,9,984,200,9144,1617,2637,,
2025-09-10,2025,9,984,200,9144,1617,2637,,
2025-09-11,2025,9,984,200,9144,1617,2637,,
2025-09-12,2025,9,984,200,9144,1617,2637,,
2025-09-13,2025,9,984,200,9144,1617,2637,,
2025-09-14,2025,9,984,200,9144,1617,2637,,
2025-09-15,2025,9,986,200,9183,1622,2662,,
2025-09-16,2025,9,986,200,9183,1622,2662,,
2025-09-17,2025,9,986,200,9183,1622,2662,,
2025-09-18,2025,9,986,200,9183,1622,2662,,
2025-09-19,2025,9,986,200,9183,1622,2662,,
2025-09-20,2025,9,986,200,9183,1622,2662,,
2025-09-21,2025,9,986,200,9183,1622,2662,,
2025-09-22,2025,9,988,200,9238,1628,2690,,
2025-09-23,2025,9,988,200,9238,1628,2690,,
2025-09-24,2025,9,988,200,9238,1628,2690,,
2025-09-25,2025,9,988,200,9238,1628,2690,,
2025-09-26,2025,9,988,200,9238,1628,2690,,
2025-09-27,2025,9,988,200,9238,1628,2690,,
2025-09-28,2025,9,988,200,9238,1628,2690,,
2025-09-29,2025,9,992,200,9284,1655,2690,,
2025-09-30,2025,9,992,200,9284,1655,2690,,
2025-10-01,2025,10,992,200,9284,1655,2690,,
2025-10-02,2025,10,992,200,9284,1655,2690,,
2025-10-03,2025,10,992,200,9284,1655,2690,,
2025-10-04,2025,10,992,200,9284,1655,2690,,
2025-10-05,2025,10,992,200,9284,1655,2690,,
2025-10-06,2025,10,994,200,9322,1660,2715,,
2025-10-07,2025,10,994,200,9322,1660,2715,,
2025-10-08,2025,10,994,200,9322,1660,2715,,
2025-10-09,2025,10,994,200,9322,1660,2715,,
2025-10-10,2025,10,994,200,9322,1660,2715,,
2025-10-11,2025,10,994,200,9322,1660,2715,,
2025-10-12,2025,10,994,200,9322,1660,2715,,
2025-10-13,2025,10,996,200,9478,1672,2786,,
2025-10-14,2025,10,996,200,9478,1672,2786,,
2025-10-15,2025,10,996,200,9478,1672,2786,,
2025-10-16,2025,10,996,200,9478,1672,2786,,
2025-10-17,2025,10,996,200,9478,1672,2786,,
2025-10-18,2025,10,996,200,9478,1672,2786,,
2025-10-19,2025,10,996,200,9478,1672,2786,,
2025-10-20,2025,10,999,201,9559,1682,2835,,
2025-10-21,2025,10,999,201,9559,1682,2835,,
2025-10-22,2025,10,999,201,9559,1682,2835,,
2025-10-23,2025,10,999,201,9559,1682,2835,,
2025-10-24,2025,10,999,201,9559,1682,2835,,
2025-10-25,2025,10,999,201,9559,1682,2835,,
2025-10-26,2025,10,999,201,9559,1682,2835,,
2025-10-27,2025,10,1001,201,9611,1690,2895,,
2025-10-28,2025,10,1001,201,9611,1690,2895,,
2025-10-29,2025,10,1001,201,9611,1690,2895,,
2025-10-30,2025,10,1001,201,9611,1690,2895,,
2025-10-31,2025,10,1001,201,9611,1690,2895,,
2025-11-01,2025,11,1001,201,9611,1690,2895,,
2025-11-02,2025,11,1001,201,9611,1690,2895,,
2025-11-03,2025,11,1007,203,9629,1690,2939,,
2025-11-04,2025,11,1007,203,9629,1690,2939,,
2025-11-05,2025,11,1007,203,9629,1690,2939,,
2025-11-06,2025,11,1007,203,9629,1690,2939,,
2025-11-07,2025,11,1007,203,9629,1690,2939,,
2025-11-08,2025,11,1007,203,9629,1690,2939,,
2025-11-09,2025,11,1007,203,9629,1690,2939,,
2025-11-10,2025,11,1011,206,9674,1697,2968,,
2025-11-11,2025,11,1011,206,9674,1697,2968,,
2025-11-12,2025,11,1011,206,9674,1697,2968,,
2025-11-13,2025,11,1011,206,9674,1697,2968,,
2025-11-14,2025,11,1011,206,9674,1697,2968,,
2025-11-15,2025,11,1011,206,9674,1697,2968,,
2025-11-16,2025,11,1011,206,9674,1697,2968,,
2025-11-17,2025,11,1015,209,9695,1702,2997,,
2025-11-18,2025,11,1015,209,9695,1702,2997,,
2025-11-19,2025,11,1015,209,9695,1702,2997,,
2025-11-20,2025,11,1015,209,9695,1702,2997,,
2025-11-21,2025,11,1015,209,9695,1702,2997,,
2025-11-22,2025,11,1015,209,9695,1702,2997,,
2025-11-23,2025,11,1015,209,9695,1702,2997,,
2025-11-24,2025,11,1023,210,9756,1705,3033,,
2025-11-25,2025,11,1023,210,9756,1705,3033,,
2025-11-26,2025,11,1023,210,9756,1705,3033,,
2025-11-27,2025,11,1023,210,9756,1705,3033,,
2025-11-28,2025,11,1023,210,9756,1705,3033,,
2025-11-29,2025,11,1023,210,9756,1705,3033,,
2025-11-30,2025,11,1023,210,9756,1705,3033,,
2025-12-01,2025,12,1027,211,9968,1711,3068,,
2025-12-02,2025,12,1027,211,9968,1711,3068,,
2025-12-03,2025,12,1027,211,9968,1711,3068,,
2025-12-04,2025,12,1027,211,9968,1711,3068,,
2025-12-05,2025,12,1027,211,9968,1711,3068,,
2025-12-06,2025,12,1027,211,9968,1711,3068,,
2025-12-07,2025,12,1027,211,9968,1711,3068,,
2025-12-08,2025,12,1033,212,10010,1720,3097,,
2025-12-09,2025,12,1033,212,10010,1720,3097,,
2025-12-10,2025,12,1033,212,10010,1720,3097,,
2025-12-11,2025,12,1033,212,10010,1720,3097,,
2025-12-12,2025,12,1033,212,10010,1720,3097,,
2025-12-13,2025,12,1033,212,10010,1720,3097,,
2025-12-14,2025,12,1033,212,10010,1720,3097,,
2025-12-15,2025,12,1033,212,10010,1720,3097,,
2025-12-16,2025,12,1033,212,10010,1720,3097,,
2025-12-17,2025,12,1033,212,10010,1720,3097,,
2025-12-18,2025,12,1033,212,10010,1720,3097,,
2025-12-19,2025,12,1033,212,10010,1720,3097,,
2025-12-20,2025,12,1033,212,10010,1720,3097,,
2025-12-21,2025,12,1033,212,10010,1720,3097,,
2025-12-22,2025,12,1039,216,10067,1733,3143,,
2025-12-23,2025,12,1039,216,10067,1733,3143,,
2025-12-24,2025,12,1039,216,10067,1733,3143,,
2025-12-25,2025,12,1039,216,10067,1733,3143,,
2025-12-26,2025,12,1039,216,10067,1733,3143,,
2025-12-27,2025,12,1039,216,10067,1733,3143,,
2025-12-28,2025,12,1039,216,10067,1733,3143,,
2025-12-29,2025,12,1039,216,10067,1733,3143,,
2025-12-30,2025,12,1039,216,10067,1733,3143,,
2025-12-31,2025,12,1039,216,10067,1733,3143,,
2026-01-01,2026,1,1039,216,10067,1733,3143,,
2026-01-02,2026,1,1039,216,10067,1733,3143,,
2026-01-03,2026,1,1039,216,10067,1733,3143,,
2026-01-04,2026,1,1039,216,10067,1733,3143,,
2026-01-05,2026,1,1042,216,10160,1768,3187,,
2026-01-06,2026,1,1042,216,10160,1768,3187,,
2026-01-07,2026,1,1042,216,10160,1768,3187,,
2026-01-08,2026,1,1042,216,10160,1768,3187,,
2026-01-09,2026,1,1042,216,10160,1768,3187,,
2026-01-10,2026,1,1042,216,10160,1768,3187,,
2026-01-11,2026,1,1042,216,10160,1768,3187,,
2026-01-12,2026,1,1042,216,10160,1768,3187,,
2026-01-13,2026,1,1042,216,10160,1768,3187,,
2026-01-14,2026,1,1042,216,10160,1768,3187,,
2026-01-15,2026,1,1042,216,10160,1768,3187,,
2026-01-16,2026,1,1042,216,10160,1768,3187,,
2026-01-17,2026,1,1042,216,10160,1768,3187,,
2026-01-18,2026,1,1042,216,10160,1768,3187,,
2026-01-19,2026,1,1044,217,10247,1772,3242,,
2026-01-20,2026,1,1044,217,10247,1772,3242,,
2026-01-21,2026,1,1044,217,10247,1772,3242,,
2026-01-22,2026,1,1044,217,10247,1772,3242,,
2026-01-23,2026,1,1044,217,10247,1772,3242,,
2026-01-24,2026,1,1044,217,10247,1772,3242,,
2026-01-25,2026,1,1044,217,10247,1772,3242,,
2026-01-26,2026,1,1044,217,10247,1772,3242,,
2026-01-27,2026,1,1044,217,10247,1772,3242,,
2026-01-28,2026,1,1044,217,10247,1772,3242,,
2026-01-29,2026,1,1044,217,10247,1772,3242,,
2026-01-30,2026,1,1044,217,10247,1772,3242,,
2026-01-31,2026,1,1044,217,10247,1772,3242,,
2026-02-01,2026,2,1044,217,10247,1772,3242,,
2026-02-02,2026,2,1047,218,10358,1784,3294,,
2026-02-03,2026,2,1047,218,10358,1784,3294,,
2026-02-04,2026,2,1047,218,10358,1784,3294,,
2026-02-05,2026,2,1047,218,10358,1784,3294,,
2026-02-06,2026,2,1047,218,10358,1784,3294,,
2026-02-07,2026,2,1047,218,10358,1784,3294,,
2026-02-08,2026,2,1047,218,10358,1784,3294,,
2026-02-09,2026,2,1047,218,10358,1784,3294,,
2026-02-10,2026,2,1047,218,10358,1784,3294,,
2026-02-11,2026,2,1047,218,10358,1784,3294,,
2026-02-12,2026,2,1047,218,10358,1784,3294,,
2026-02-13,2026,2,1047,218,10358,1784,3294,,
2026-02-14,2026,2,1047,218,10358,1784,3294,,
2026-02-15,2026,2,1047,218,10358,1784,3294,,
2026-02-16,2026,2,1050,219,10495,1795,3380,,
2026-02-17,2026,2,1050,219,10495,1795,3380,,
2026-02-18,2026,2,1050,219,10495,1795,3380,,
2026-02-19,2026,2,1050,219,10495,1795,3380,,
2026-02-20,2026,2,1050,219,10495,1795,3380,,
2026-02-21,2026,2,1050,219,10495,1795,3380,,
2026-02-22,2026,2,1050,219,10495,1795,3380,,
2026-02-23,2026,2,1050,219,10495,1795,3380,,
2026-02-24,2026,2,1050,219,10495,1795,3380,,
2026-02-25,2026,2,1050,219,10495,1795,3380,,
2026-02-26,2026,2,1050,219,10495,1795,3380,,
2026-02-27,2026,2,1050,219,10495,1795,3380,,
2026-02-28,2026,2,1050,219,10495,1795,3380,,
2026-03-01,2026,3,1050,219,10495,1795,3380,,
2026-03-02,2026,3,1050,219,10495,1795,3380,,
2026-03-03,2026,3,1050,219,10495,1795,3380,,
2026-03-04,2026,3,1050,219,10495,1795,3380,,
2026-03-05,2026,3,1050,219,10495,1795,3380,,
2026-03-06,2026,3,1050,219,10495,1795,3380,,
2026-03-07,2026,3,1050,219,10495,1795,3380,,
2026-03-08,2026,3,1050,219,10495,1795,3380,,
2026-03-09,2026,3,1050,219,10495,1795,3380,,
2026-03-10,2026,3,1050,219,10495,1795,3380,,
2026-03-11,2026,3,1050,219,10495,1795,3380,,
2026-03-12,2026,3,1050,219,10495,1795,3380,,
2026-03-13,2026,3,1050,219,10495,1795,3380,,
2026-03-14,2026,3,1050,219,10495,1795,3380,,
2026-03-15,2026,3,1050,219,10495,1795,3380,,
2026-03-16,2026,3,1058,222,10529,1795,3417,,
2026-03-17,2026,3,1058,222,10529,1795,3417,,
2026-03-18,2026,3,1058,222,10529,1795,3417,,
2026-03-19,2026,3,1058,222,10529,1795,3417,,
2026-03-20,2026,3,1058,222,10529,1795,3417,,
2026-03-21,2026,3,1058,222,10529,1795,3417,,
2026-03-22,2026,3,1058,222,10529,1795,3417,,
2026-03-23,2026,3,1058,222,10576,1802,3463,,
2026-03-24,2026,3,1058,222,10576,1802,3463,,
2026-03-25,2026,3,1058,222,10576,1802,3463,,
2026-03-26,2026,3,1058,222,10576,1802,3463,,
2026-03-27,2026,3,1058,222,10576,1802,3463,,
2026-03-28,2026,3,1058,222,10576,1802,3463,,
2026-03-29,2026,3,1058,222,10576,1802,3463,,
2026-03-30,2026,3,1065,223,10652,1808,3507,,
2026-03-31,2026,3,1065,223,10652,1808,3507,,
2026-04-01,2026,4,1065,223,10652,1808,3507,,
2026-04-02,2026,4,1065,223,10652,1808,3507,,
2026-04-03,2026,4,1065,223,10652,1808,3507,,
2026-04-04,2026,4,1065,223,10652,1808,3507,,
2026-04-05,2026,4,1065,223,10652,1808,3507,,
2026-04-06,2026,4,1065,223,10702,1818,3554,,
2026-04-07,2026,4,1065,223,10702,1818,3554,,
2026-04-08,2026,4,1065,223,10702,1818,3554,,
2026-04-09,2026,4,1065,223,10702,1818,3554,,
2026-04-10,2026,4,1065,223,10702,1818,3554,,
2026-04-11,2026,4,1065,223,10702,1818,3554,,
2026-04-12,2026,4,1065,223,10702,1818,3554,,
2026-04-13,2026,4,1068,223,10750,1826,3594,,
2026-04-14,2026,4,1068,223,10750,1826,3594,,
2026-04-15,2026,4,1068,223,10750,1826,3594,,
2026-04-16,2026,4,1068,223,10750,1826,3594,,
2026-04-17,2026,4,1068,223,10750,1826,3594,,
2026-04-18,2026,4,1068,223,10750,1826,3594,,
2026-04-19,2026,4,1068,223,10750,1826,3594,,
2026-04-20,2026,4,1070,224,10805,1835,3631,,
2026-04-21,2026,4,1070,224,10805,1835,3631,,
2026-04-22,2026,4,1070,224,10805,1835,3631,,
2026-04-23,2026,4,1070,224,10805,1835,3631,,
2026-04-24,2026,4,1070,224,10805,1835,3631,,
2026-04-25,2026,4,1070,224,10805,1835,3631,,
2026-04-26,2026,4,1070,224,10805,1835,3631,,
2026-04-27,2026,4,1073,226,10862,1842,3661,,
2026-04-28,2026,4,1073,226,10862,1842,3661,,
2026-04-29,2026,4,1073,226,10862,1842,3661,,
2026-04-30,2026,4,1073,226,10862,1842,3661,,
2026-05-01,2026,5,1073,226,10862,1842,3661,,
2026-05-02,2026,5,1073,226,10862,1842,3661,,
2026-05-03,2026,5,1073,226,10862,1842,3661,,
2026-05-04,2026,5,1076,227,10932,1852,3903,,
2026-05-05,2026,5,1076,227,10932,1852,3903,,
2026-05-06,2026,5,1076,227,10932,1852,3903,,
2026-05-07,2026,5,1076,227,10932,1852,3903,,
2026-05-08,2026,5,1076,227,10932,1852,3903,,
2026-05-09,2026,5,1076,227,10932,1852,3903,,
2026-05-10,2026,5,1076,227,10932,1852,3903,,
2026-05-11,2026,5,1078,227,11002,1862,3936,,
2026-05-12,2026,5,1078,227,11002,1862,3936,,
2026-05-13,2026,5,1078,227,11002,1862,3936,,
2026-05-14,2026,5,1078,227,11002,1862,3936,,
2026-05-15,2026,5,1078,227,11002,1862,3936,,
2026-05-16,2026,5,1078,227,11002,1862,3936,,
2026-05-17,2026,5,1078,227,11002,1862,3936,,
2026-05-18,2026,5,1083,228,11062,1868,3986,,
2026-05-19,2026,5,1083,228,11062,1868,3986,,
2026-05-20,2026,5,1083,228,11062,1868,3986,,
2026-05-21,2026,5,1083,228,11062,1868,3986,,
2026-05-22,2026,5,1083,228,11062,1868,3986,,
2026-05-23,2026,5,1083,228,11062,1868,3986,,
2026-05-24,2026,5,1083,228,11062,1868,3986,,
2026-05-25,2026,5,1083,228,11062,1868,3986,,
2026-05-26,2026,5,1083,228,11062,1868,3986,,
2026-05-27,2026,5,1083,228,11062,1868,3986,,
2026-05-28,2026,5,1083,228,11062,1868,3986,,
2026-05-29,2026,5,1083,228,11062,1868,3986,,
2026-05-30,2026,5,1083,228,11062,1868,3986,,
2026-05-31,2026,5,1083,228,11062,1868,3986,,
2026-06-01,2026,6,1086,228,11132,1877,4051,,
2026-06-02,2026,6,1086,228,11132,1877,4051,,
2026-06-03,2026,6,1086,228,11132,1877,4051,,
2026-06-04,2026,6,1086,228,11132,1877,4051,,
2026-06-05,2026,6,1086,228,11132,1877,4051,,
2026-06-06,2026,6,1086,228,11132,1877,4051,,
2026-06-07,2026,6,1086,228,11132,1877,4051,,
2026-06-08,2026,6,1088,229,11180,1883,4100,,
2026-06-09,2026,6,1088,229,11180,1883,4100,,
2026-06-10,2026,6,1088,229,11180,1883,4100,,
2026-06-11,2026,6,1088,229,11180,1883,4100,,
2026-06-12,2026,6,1088,229,11180,1883,4100,,
2026-06-13,2026,6,1088,229,11180,1883,4100,,
2026-06-14,2026,6,1088,229,11180,1883,4100,,
2026-06-15,2026,6,1088,229,11200,1883,4130,,
2026-06-16,2026,6,1088,229,11200,1883,4130,,
2026-06-17,2026,6,1088,229,11200,1883,4130,,
2026-06-18,2026,6,1088,229,11200,1883,4130,,
2026-06-19,2026,6,1088,229,11200,1883,4130,,
2026-06-20,2026,6,1088,229,11200,1883,4130,,
2026-06-21,2026,6,1088,229,11200,1883,4130,,
2026-06-22,2026,6,1090,230,11221,1885,4170,,
2026-06-23,2026,6,1090,230,11221,1885,4170,,
2026-06-24,2026,6,1090,230,11221,1885,4170,,
2026-06-25,2026,6,1090,230,11221,1885,4170,,
2026-06-26,2026,6,1090,230,11221,1885,4170,,
2026-06-27,2026,6,1090,230,11221,1885,4170,,
2026-06-28,2026,6,1090,230,11221,1885,4170,,
2026-06-29,2026,6,1094,231,11241,1885,4207,,
2026-06-30,2026,6,1094,231,11241,1885,4207,,
2026-07-01,2026,7,1094,231,11241,1885,4207,,
2026-07-02,2026,7,1094,231,11241,1885,4207,,
2026-07-03,2026,7,1094,231,11241,1885,4207,,
2026-07-04,2026,7,1094,231,11241,1885,4207,,
2026-07-05,2026,7,1094,231,11241,1885,4207,,
2026-07-06,2026,7,1094,231,11241,1885,4207,,
2026-07-07,2026,7,1094,231,11241,1885,4207,,
2026-07-08,2026,7,1094,231,11241,1885,4207,,
2026-07-09,2026,7,1094,231,11241,1885,4207,,
2026-07-10,2026,7,1094,231,11241,1885,4207,,
2026-07-11,2026,7,1094,231,11241,1885,4207,,
2026-07-12,2026,7,1094,231,11241,1885,4207,,
2026-07-13,2026,7,1094,231,11241,1885,4207,,
2026-07-14,2026,7,1094,231,11241,1885,4207,,
